{
	"info": {
		"_postman_id": "a4563c27-f763-440a-be37-f30db67a4d44",
		"name": "Hateoas",
		"description": "test",
		"schema": "https://schema.getpostman.com/json/collection/v2.1.0/collection.json"
	},
	"item": [
		{
			"name": "1_get inventory",
			"request": {
				"method": "GET",
				"header": [],
				"url": {
					"raw": "{{url}}/inventory",
					"host": [
						"{{url}}"
					],
					"path": [
						"inventory"
					]
				}
			},
			"response": []
		},
		{
			"name": "2_post inventory details",
			"request": {
				"method": "POST",
				"header": [
					{
						"key": "Content-Type",
						"value": "application/json"
					}
				],
				"body": {
					"mode": "raw",
					"raw": "{\n\t\"id\":1,\n\t\"name\":\"ashwani\",\n\t\"email\":\"test@test.com\"\n}"
				},
				"url": {
					"raw": "{{url}}/inventory/update-user",
					"host": [
						"{{url}}"
					],
					"path": [
						"inventory",
						"update-user"
					]
				}
			},
			"response": []
		},
		{
			"name": "3_update-user-with-extra-info",
			"request": {
				"method": "POST",
				"header": [
					{
						"key": "Content-Type",
						"value": "application/json"
					}
				],
				"body": {
					"mode": "raw",
					"raw": "{\n\t\"id\":1,\n\t\"name\":\"ashwani\",\n\t\"email\":\"test@test.com\"\n}"
				},
				"url": {
					"raw": "{{url}}/inventory/update-user-with-extra-info",
					"host": [
						"{{url}}"
					],
					"path": [
						"inventory",
						"update-user-with-extra-info"
					]
				}
			},
			"response": []
		},
		{
			"name": "4_update-user-hateoas",
			"request": {
				"method": "POST",
				"header": [
					{
						"key": "Content-Type",
						"value": "application/json"
					}
				],
				"body": {
					"mode": "raw",
					"raw": "{\n\t\"id\":1,\n\t\"name\":\"ashwani\",\n\t\"email\":\"test@test.com\"\n}"
				},
				"url": {
					"raw": "{{url}}/inventory/update-user-hateoas",
					"host": [
						"{{url}}"
					],
					"path": [
						"inventory",
						"update-user-hateoas"
					]
				}
			},
			"response": []
		}
	],
	"event": [
		{
			"listen": "prerequest",
			"script": {
				"type": "text/javascript",
				"exec": [
					""
				]
			}
		},
		{
			"listen": "test",
			"script": {
				"type": "text/javascript",
				"exec": [
					""
				]
			}
		}
	],
	"variable": [
		{
			"key": "url",
			"value": "http://localhost:9090"
		}
	]
}